[
    {
        "id": "ager.basic_bus_stop",
        "type": "bus stop",
        "title": "Basic Bus Stop[in]Halte Sederhana",
        "text": "Just a simple open bus stop denoted by the countless signs.[in]Sebuah halte sederhana di ruang terbuka yang ditandai banyak plang",
        "height": 1,
        "width": 1,

        "frames": [
            {
                "bmp": "sprites/global.png",
                "x": 0,
                "y": 30,
                "w": 32,
                "h": 32,
                "count": 4
            }
        ],
        "price": 250,
        "influence passenger bus": 20,
        "capacity": 16,
        "ordinal": 100,
        "meta": { "tags": { "default_busstop": {} } }
    },
    {
        "id": "ager.roofed_bus_stop",
        "type": "bus stop",
        "title": "Roofed Bus Stop[in]Halte Beratap",
        "text": "Way better than waiting on the side of the road.[in]Jauh lebih baik daripada menunggu di trotoar.",
        "height": 1,
        "width": 1,

        "frames": [
            {
                "bmp": "sprites/global.png",
                "x": 0,
                "y": 62,
                "w": 32,
                "h": 32,
                "count": 4
            }
        ],
        "price": 500,
        "influence passenger bus": 30,
        "capacity": 24,
        "ordinal": 100,
        "meta": { "tags": { "default_busstop": {} } }
    }
]
